{
	"ranges": [
		{"range": "Mahalangur Himalaya"},
		{"range": "Baltoro Karakoram"},
		{"range": "Kangchenjunga Himalaya"},
		{"range": "Dhaulagiri Himalaya"},
		{"range": "Manaslu Himalaya"},
		{"range": "Nanga Parbat Himalaya"},
		{"range": "Annapurna Himalaya"},
		{"range": "Jugal Himalaya"},
		{"range": "Hispar Karakoram"},
		{"range": "Masherbrum Karakoram"},
		{"range": "Garhwal Himalaya"},
		{"range": "Batura Karakoram"},
		{"range": "Rakaposhi-Haramosh Karakoram"},
		{"range": "Assam Himalaya"},
		{"range": "Saltoro Karakoram"},
		{"range": "Hindu Kush"},
		{"range": "Langtang Himalaya"},
		{"range": "Nalakankar Himalaya"},
		{"range": "Saser Karakoram"},
		{"range": "Kongur Shan (Eastern Pamirs)"},
		{"range": "Kula Kangri Himalaya"},
		{"range": "Daxue Mountains (Hengduan Shan)"},
		{"range": "Rimo Karakoram"},
		{"range": "Muztagata (Eastern Pamirs)"},
		{"range": "Pamir (Academy of Sciences Range)"},
		{"range": "Siachen Karakoram"},
		{"range": "Tian Shan"},
		{"range": "Ganesh Himalaya"},
		{"range": "Labuche Himalaya"},
		{"range": "Jomolhari Himalaya"},
		{"range": "Yengisogat Karakoram"},
		{"range": "Panmah Karakoram"},
		{"range": "Baiku Himalaya"},
		{"range": "Lunana Himalaya"},
		{"range": "Nagarze Himalaya"}
	],
	"mountains": [
		{
			"rank": 1,
			"name": "Mount Everest",
			"height": 8848,
			"prominence": 8848,
			"range": "Mahalangur Himalaya",
			"coordinates": "27°59'17''N 86°55'31''E",
			"parent_mountain": "-",
			"first_ascent": 1953,
			"countries": "Nepal, China"
		},
		{
			"rank": 2,
			"name": "K2",
			"height": 8611,
			"prominence": 402,
			"range": "Baltoro Karakoram",
			"coordinates": "35°52'53''N 76°30'48''E",
			"parent_mountain": "Mount Everest",
			"first_ascent": 1954,
			"countries": "Pakistan, China"
		},
		{
			"rank": 3,
			"name": "Kangchenjunga",
			"height": 8586,
			"prominence": 3922,
			"range": "Kangchenjunga Himalaya",
			"coordinates": "27°42'12''N 88°08'51''E *",
			"parent_mountain": "Mount Everest",
			"first_ascent": 1955,
			"countries": "Nepal, India"
		},
		{
			"rank": 4,
			"name": "Lhotse",
			"height": 8516,
			"prominence": 610,
			"range": "Mahalangur Himalaya",
			"coordinates": "27°57'42''N 86°55'59''E",
			"parent_mountain": "Mount Everest",
			"first_ascent": 1956,
			"countries": "Nepal, China"
		},
		{
			"rank": 5,
			"name": "Makalu",
			"height": 8485,
			"prominence": 2378,
			"range": "Mahalangur Himalaya",
			"coordinates": "27°53'23''N 87°05'20''E",
			"parent_mountain": "Mount Everest",
			"first_ascent": 1955,
			"countries": "Nepal, China"
		},
		{
			"rank": 6,
			"name": "Cho Oyu",
			"height": 8188,
			"prominence": 234,
			"range": "Mahalangur Himalaya",
			"coordinates": "28°05'39''N 86°39'39''E",
			"parent_mountain": "Mount Everest",
			"first_ascent": 1954,
			"countries": "Nepal, China"
		},
		{
			"rank": 7,
			"name": "Dhaulagiri I",
			"height": 8167,
			"prominence": 3357,
			"range": "Dhaulagiri Himalaya",
			"coordinates": "28°41'48''N 83°29'35''E",
			"parent_mountain": "K2",
			"first_ascent": 1960,
			"countries": "Nepal"
		},
		{
			"rank": 8,
			"name": "Manaslu",
			"height": 8163,
			"prominence": 3092,
			"range": "Manaslu Himalaya",
			"coordinates": "28°33'00''N 84°33'35''E",
			"parent_mountain": "Cho Oyu",
			"first_ascent": 1956,
			"countries": "Nepal"
		},
		{
			"rank": 9,
			"name": "Nanga Parbat",
			"height": 8126,
			"prominence": 4608,
			"range": "Nanga Parbat Himalaya",
			"coordinates": "35°14'14''N 74°35'21''E",
			"parent_mountain": "Dhaulagiri",
			"first_ascent": 1953,
			"countries": "Pakistan"
		},
		{
			"rank": 10,
			"name": "Annapurna I",
			"height": 8091,
			"prominence": 2984,
			"range": "Annapurna Himalaya",
			"coordinates": "28°35'44''N 83°49'13''E",
			"parent_mountain": "Cho Oyu",
			"first_ascent": 1950,
			"countries": "Nepal"
		},
		{
			"rank": 11,
			"name": "Gasherbrum I, Hidden Peak, K5",
			"height": 8080,
			"prominence": 2155,
			"range": "Baltoro Karakoram",
			"coordinates": "35°43'28''N 76°41'47''E",
			"parent_mountain": "K2",
			"first_ascent": 1958,
			"countries": "Pakistan, China"
		},
		{
			"rank": 12,
			"name": "Broad Peak",
			"height": 8051,
			"prominence": 1701,
			"range": "Baltoro Karakoram",
			"coordinates": "35°48'38''N 76°34'06''E",
			"parent_mountain": "Gasherbrum I",
			"first_ascent": 1957,
			"countries": "Pakistan, China"
		},
		{
			"rank": 13,
			"name": "Gasherbrum II, K4",
			"height": 8035,
			"prominence": 1524,
			"range": "Baltoro Karakoram",
			"coordinates": "35°45'28''N 76°39'12''E",
			"parent_mountain": "Gasherbrum I",
			"first_ascent": 1956,
			"countries": "Pakistan, China"
		},
		{
			"rank": 14,
			"name": "Shishapangma",
			"height": 8027,
			"prominence": 2897,
			"range": "Jugal Himalaya",
			"coordinates": "28°21'12''N 85°46'43''E",
			"parent_mountain": "Cho Oyu",
			"first_ascent": 1964,
			"countries": "China, Gosainthan"
		},
		{
			"rank": 15,
			"name": "Gyachung Kang",
			"height": 7952,
			"prominence": 672,
			"range": "Mahalangur Himalaya",
			"coordinates": "28°05'53''N 86°44'42''E",
			"parent_mountain": "Cho Oyu",
			"first_ascent": 1964,
			"countries": "Nepal, China"
		},
		{
			"rank": "S",
			"name": "Gasherbrum III, K3a",
			"height": 7946,
			"prominence": 355,
			"range": "Baltoro Karakoram",
			"coordinates": "35°45'33''N 76°38'30''E",
			"parent_mountain": "Gasherbrum II",
			"first_ascent": 1975,
			"countries": "Pakistan, China"
		},
		{
			"rank": 16,
			"name": "Annapurna II",
			"height": 7937,
			"prominence": 2437,
			"range": "Annapurna Himalaya",
			"coordinates": "28°32'05''N 84°07'19''E",
			"parent_mountain": "Annapurna I",
			"first_ascent": 1960,
			"countries": "Nepal"
		},
		{
			"rank": 17,
			"name": "Gasherbrum IV, K3",
			"height": 7932,
			"prominence": 712,
			"range": "Baltoro Karakoram",
			"coordinates": "35°45'38''N 76°36'58''E",
			"parent_mountain": "Gasherbrum III",
			"first_ascent": 1958,
			"countries": "Pakistan"
		},
		{
			"rank": 18,
			"name": "Himalchuli",
			"height": 7893,
			"prominence": 1633,
			"range": "Manaslu Himalaya",
			"coordinates": "28°26'12''N 84°38'23''E *",
			"parent_mountain": "Manaslu",
			"first_ascent": 1960,
			"countries": "Nepal"
		},
		{
			"rank": 19,
			"name": "Distaghil Sar",
			"height": 7884,
			"prominence": 2525,
			"range": "Hispar Karakoram",
			"coordinates": "36°19'33''N 75°11'16''E",
			"parent_mountain": "K2",
			"first_ascent": 1960,
			"countries": "Pakistan"
		},
		{
			"rank": 20,
			"name": "Ngadi Chuli",
			"height": 7871,
			"prominence": 1011,
			"range": "Manaslu Himalaya",
			"coordinates": "28°30'12''N 84°34'00''E",
			"parent_mountain": "Manaslu",
			"first_ascent": 1979,
			"countries": "Nepal"
		},
		{
			"rank": "S",
			"name": "Nuptse",
			"height": 7864,
			"prominence": 305,
			"range": "Mahalangur Himalaya",
			"coordinates": "27°58'03''N 86°53'13''E",
			"parent_mountain": "Lhotse",
			"first_ascent": 1961,
			"countries": "Nepal"
		},
		{
			"rank": 21,
			"name": "Khunyang Chhish",
			"height": 7823,
			"prominence": 1765,
			"range": "Hispar Karakoram",
			"coordinates": "36°12'19''N 75°12'28''E *",
			"parent_mountain": "Distaghil Sar",
			"first_ascent": 1971,
			"countries": "Pakistan"
		},
		{
			"rank": 22,
			"name": "Masherbrum, K1",
			"height": 7821,
			"prominence": 2457,
			"range": "Masherbrum Karakoram",
			"coordinates": "35°38'28''N 76°18'21''E",
			"parent_mountain": "Gasherbrum I",
			"first_ascent": 1960,
			"countries": "Pakistan"
		},
		{
			"rank": 23,
			"name": "Nanda Devi",
			"height": 7816,
			"prominence": 3139,
			"range": "Garhwal Himalaya",
			"coordinates": "30°22'33''N 79°58'15''E",
			"parent_mountain": "Dhaulagiri",
			"first_ascent": 1936,
			"countries": "India"
		},
		{
			"rank": 24,
			"name": "Chomo Lonzo",
			"height": 7804,
			"prominence": 590,
			"range": "Mahalangur Himalaya",
			"coordinates": "27°55'50''N 87°06'28''E",
			"parent_mountain": "Makalu",
			"first_ascent": 1954,
			"countries": "China"
		},
		{
			"rank": 25,
			"name": "Batura Sar",
			"height": 7795,
			"prominence": 3118,
			"range": "Batura Karakoram",
			"coordinates": "36°30'37''N 74°31'21''E",
			"parent_mountain": "Distaghil Sar",
			"first_ascent": 1976,
			"countries": "Pakistan"
		},
		{
			"rank": 26,
			"name": "Rakaposhi",
			"height": 7788,
			"prominence": 2818,
			"range": "Rakaposhi-Haramosh Karakoram",
			"coordinates": "36°08'33''N 74°29'22''E",
			"parent_mountain": "Khunyang Chhish",
			"first_ascent": 1958,
			"countries": "Pakistan"
		},
		{
			"rank": 27,
			"name": "Namcha Barwa",
			"height": 7782,
			"prominence": 4106,
			"range": "Assam Himalaya",
			"coordinates": "29°37'52''N 95°03'19''E",
			"parent_mountain": "Kangchenjunga",
			"first_ascent": 1992,
			"countries": "China"
		},
		{
			"rank": 28,
			"name": "Kanjut Sar",
			"height": 7760,
			"prominence": 166,
			"range": "Hispar Karakoram",
			"coordinates": "36°12'20''N 75°25'01''E",
			"parent_mountain": "Khunyang Chhish",
			"first_ascent": 1959,
			"countries": "Pakistan"
		},
		{
			"rank": 29,
			"name": "Kamet",
			"height": 7756,
			"prominence": 2825,
			"range": "Garhwal Himalaya",
			"coordinates": "30°55'12''N 79°35'30''E *",
			"parent_mountain": "Nanda Devi",
			"first_ascent": 1931,
			"countries": "India"
		},
		{
			"rank": 30,
			"name": "Dhaulagiri II",
			"height": 7751,
			"prominence": 2397,
			"range": "Dhaulagiri Himalaya",
			"coordinates": "28°45'46''N 83°23'18''E",
			"parent_mountain": "Dhaulagiri",
			"first_ascent": 1971,
			"countries": "Nepal"
		},
		{
			"rank": 31,
			"name": "Saltoro Kangri, K10",
			"height": 7742,
			"prominence": 216,
			"range": "Saltoro Karakoram",
			"coordinates": "35°23'57''N 76°50'53''E *",
			"parent_mountain": "Gasherbrum I",
			"first_ascent": 1962,
			"countries": "India, Pakistan"
		},
		{
			"rank": 32,
			"name": "Kumbhakarna, Jannu",
			"height": 7711,
			"prominence": 1036,
			"range": "Kangchenjunga Himalaya",
			"coordinates": "27°40'56''N 88°02'40''E *",
			"parent_mountain": "Kangchenjunga",
			"first_ascent": 1962,
			"countries": "Nepal"
		},
		{
			"rank": 33,
			"name": "Tirich Mir",
			"height": 7708,
			"prominence": 391,
			"range": "Hindu Kush",
			"coordinates": "36°15'19''N 71°50'30''E *",
			"parent_mountain": "Batura Sar",
			"first_ascent": 1950,
			"countries": "Pakistan"
		},
		{
			"rank": "S",
			"name": "Molamenqing",
			"height": 7703,
			"prominence": 433,
			"range": "Langtang Himalaya",
			"coordinates": "28°21'18''N 85°48'35''E",
			"parent_mountain": "Shishapangma",
			"first_ascent": 1981,
			"countries": "China"
		},
		{
			"rank": 34,
			"name": "Gurla Mandhata",
			"height": 7694,
			"prominence": 2788,
			"range": "Nalakankar Himalaya",
			"coordinates": "30°26'19''N 81°17'48''E",
			"parent_mountain": "Dhaulagiri",
			"first_ascent": 1985,
			"countries": "China"
		},
		{
			"rank": 35,
			"name": "Saser Kangri I, K22",
			"height": 7672,
			"prominence": 2304,
			"range": "Saser Karakoram",
			"coordinates": "34°52'00''N 77°45'09''E",
			"parent_mountain": "Gasherbrum I",
			"first_ascent": 1973,
			"countries": "India"
		},
		{
			"rank": 36,
			"name": "Chogolisa",
			"height": 7665,
			"prominence": 1624,
			"range": "Masherbrum Karakoram",
			"coordinates": "35°36'47''N 76°34'29''E",
			"parent_mountain": "Gasherbrum I",
			"first_ascent": 1975,
			"countries": "Pakistan"
		},
		{
			"rank": "S",
			"name": "Dhaulagiri IV",
			"height": 7661,
			"prominence": 469,
			"range": "Dhaulagiri Himalaya",
			"coordinates": "28°44'09''N 83°18'55''E",
			"parent_mountain": "Dhaulagiri II",
			"first_ascent": 1975,
			"countries": "Nepal"
		},
		{
			"rank": 37,
			"name": "Kongur Tagh",
			"height": 7649,
			"prominence": 3585,
			"range": "Kongur Shan (Eastern Pamirs)",
			"coordinates": "38°35'36''N 75°18'48''E",
			"parent_mountain": "Distaghil Sar",
			"first_ascent": 1981,
			"countries": "China"
		},
		{
			"rank": "S",
			"name": "Dhaulagiri V",
			"height": 7618,
			"prominence": 340,
			"range": "Dhaulagiri Himalaya",
			"coordinates": "28°44'02''N 83°21'41''E *",
			"parent_mountain": "Dhaulagiri IV",
			"first_ascent": 1975,
			"countries": "Nepal"
		},
		{
			"rank": 38,
			"name": "Shispare",
			"height": 7611,
			"prominence": 124,
			"range": "Batura Karakoram",
			"coordinates": "36°26'26''N 74°40'51''E",
			"parent_mountain": "Batura Sar",
			"first_ascent": 1974,
			"countries": "Pakistan"
		},
		{
			"rank": 39,
			"name": "Trivor",
			"height": 7577,
			"prominence": 997,
			"range": "Hispar Karakoram",
			"coordinates": "36°17'15''N 75°05'06''E *",
			"parent_mountain": "Distaghil Sar",
			"first_ascent": 1960,
			"countries": "Pakistan"
		},
		{
			"rank": 40,
			"name": "Gangkhar Puensum",
			"height": 7570,
			"prominence": 2995,
			"range": "Kula Kangri Himalaya",
			"coordinates": "28°02'50''N 90°27'19''E *",
			"parent_mountain": "Kangchenjunga",
			"first_ascent": "none",
			"countries": "Bhutan, China"
		},
		{
			"rank": 41,
			"name": "Minya Konka",
			"height": 7556,
			"prominence": 3642,
			"range": "Daxue Mountains (Hengduan Shan)",
			"coordinates": "29°35'43''N 101°52'47''E",
			"parent_mountain": "Mount Everest",
			"first_ascent": 1932,
			"countries": "China"
		},
		{
			"rank": 42,
			"name": "Annapurna III",
			"height": 7555,
			"prominence": 703,
			"range": "Annapurna Himalaya",
			"coordinates": "28°35'06''N 83°59'24''E",
			"parent_mountain": "Annapurna I",
			"first_ascent": 1961,
			"countries": "Nepal"
		},
		{
			"rank": 43,
			"name": "Skyang Kangri",
			"height": 7545,
			"prominence": 1085,
			"range": "Baltoro Karakoram",
			"coordinates": "35°55'35''N 76°34'03''E",
			"parent_mountain": "K2",
			"first_ascent": 1976,
			"countries": "Pakistan, China"
		},
		{
			"rank": 44,
			"name": "Changtse",
			"height": 7543,
			"prominence": 514,
			"range": "Mahalangur Himalaya",
			"coordinates": "28°01'29''N 86°54'51''E",
			"parent_mountain": "Mount Everest",
			"first_ascent": 1982,
			"countries": "China"
		},
		{
			"rank": 45,
			"name": "Kula Kangri",
			"height": 7538,
			"prominence": 1654,
			"range": "Kula Kangri Himalaya",
			"coordinates": "28°13'37''N 90°36'59''E",
			"parent_mountain": "Gangkhar Puensum",
			"first_ascent": 1986,
			"countries": "China, Bhutan"
		},
		{
			"rank": 46,
			"name": "Kongur Tiube",
			"height": 7530,
			"prominence": 840,
			"range": "Kongur Shan (Eastern Pamirs)",
			"coordinates": "38°36'57''N 75°11'45''E",
			"parent_mountain": "Kongur Tagh",
			"first_ascent": 1956,
			"countries": "China"
		},
		{
			"rank": "S",
			"name": "Annapurna IV",
			"height": 7525,
			"prominence": 255,
			"range": "Annapurna Himalaya",
			"coordinates": "28°32'15''N 84°4'58''E",
			"parent_mountain": "Annapurna",
			"first_ascent": 1955,
			"countries": "Nepal"
		},
		{
			"rank": 47,
			"name": "Mamostong Kangri",
			"height": 7516,
			"prominence": 1803,
			"range": "Rimo Karakoram",
			"coordinates": "35°08'31''N 77°34'39''E",
			"parent_mountain": "Gasherbrum I",
			"first_ascent": 1984,
			"countries": "India"
		},
		{
			"rank": 48,
			"name": "Saser Kangri II E",
			"height": 7513,
			"prominence": 1458,
			"range": "Saser Karakoram",
			"coordinates": "34°48'17''N 77°48'24''E",
			"parent_mountain": "Saser Kangri I",
			"first_ascent": 2011,
			"countries": "India"
		},
		{
			"rank": 49,
			"name": "Muztagh Ata",
			"height": 7509,
			"prominence": 2698,
			"range": "Muztagata (Eastern Pamirs)",
			"coordinates": "38°16'33''N 75°06'58''E",
			"parent_mountain": "Kongur Tagh",
			"first_ascent": 1956,
			"countries": "China"
		},
		{
			"rank": 50,
			"name": "Ismoil Somoni Peak",
			"height": 7495,
			"prominence": 3402,
			"range": "Pamir (Academy of Sciences Range)",
			"coordinates": "38°56'35''N 72°00'57''E",
			"parent_mountain": "Muztagh Ata",
			"first_ascent": 1933,
			"countries": "Tajikistan"
		},
		{
			"rank": 51,
			"name": "Saser Kangri III",
			"height": 7495,
			"prominence": 835,
			"range": "Saser Karakoram",
			"coordinates": "34°50'44''N 77°47'06''E",
			"parent_mountain": "Saser Kangri I",
			"first_ascent": 1986,
			"countries": "India"
		},
		{
			"rank": 52,
			"name": "Noshaq",
			"height": 7492,
			"prominence": 2024,
			"range": "Hindu Kush",
			"coordinates": "36°25'56''N 71°49'43''E",
			"parent_mountain": "Tirich Mir",
			"first_ascent": 1960,
			"countries": "Afghanistan, Pakistan"
		},
		{
			"rank": 53,
			"name": "Pumari Chhish",
			"height": 7492,
			"prominence": 884,
			"range": "Hispar Karakoram",
			"coordinates": "36°12'41''N 75°15'01''E",
			"parent_mountain": "Khunyang Chhish",
			"first_ascent": 1979,
			"countries": "Pakistan"
		},
		{
			"rank": 54,
			"name": "Passu Sar",
			"height": 7476,
			"prominence": 647,
			"range": "Batura Karakoram",
			"coordinates": "36°29'16''N 74°35'16''E",
			"parent_mountain": "Batura Sar",
			"first_ascent": 1994,
			"countries": "Pakistan"
		},
		{
			"rank": 55,
			"name": "Yukshin Gardan Sar",
			"height": 7469,
			"prominence": 1374,
			"range": "Hispar Karakoram",
			"coordinates": "36°15'04''N 75°22'29''E",
			"parent_mountain": "Pumari Chhish",
			"first_ascent": 1984,
			"countries": "Pakistan"
		},
		{
			"rank": 56,
			"name": "Teram Kangri I",
			"height": 7462,
			"prominence": 1703,
			"range": "Siachen Karakoram",
			"coordinates": "35°34'48''N 77°04'42''E",
			"parent_mountain": "Gasherbrum I",
			"first_ascent": 1975,
			"countries": "India, China"
		},
		{
			"rank": 57,
			"name": "Jongsong Peak",
			"height": 7462,
			"prominence": 1298,
			"range": "Kangchenjunga Himalaya",
			"coordinates": "27°52'54''N 88°08'09''E",
			"parent_mountain": "Kangchenjunga",
			"first_ascent": 1930,
			"countries": "India, China, Nepal"
		},
		{
			"rank": 58,
			"name": "Malubiting",
			"height": 7458,
			"prominence": 2193,
			"range": "Rakaposhi-Haramosh Karakoram",
			"coordinates": "36°00'12''N 74°52'31''E",
			"parent_mountain": "Rakaposhi",
			"first_ascent": 1971,
			"countries": "Pakistan"
		},
		{
			"rank": 59,
			"name": "Gangapurna",
			"height": 7455,
			"prominence": 563,
			"range": "Annapurna Himalaya",
			"coordinates": "28°36'18''N 83°57'49''E",
			"parent_mountain": "Annapurna III",
			"first_ascent": 1965,
			"countries": "Nepal"
		},
		{
			"rank": 60,
			"name": "Jengish Chokusu",
			"height": 7439,
			"prominence": 4148,
			"range": "Tian Shan",
			"coordinates": "42°02'05''N 80°07'47''E",
			"parent_mountain": "Ismail Samani Peak",
			"first_ascent": 1956,
			"countries": "Kyrgyzstan, China"
		},
		{
			"rank": "S",
			"name": "Sunanda Devi",
			"height": 7434,
			"prominence": 229,
			"range": "Garhwal Himalaya",
			"coordinates": "30°22'00''N 79°59'40''E",
			"parent_mountain": "Nanda Devi",
			"first_ascent": 1939,
			"countries": "India"
		},
		{
			"rank": 61,
			"name": "K12",
			"height": 7428,
			"prominence": 1978,
			"range": "Saltoro Karakoram",
			"coordinates": "35°17'45''N 77°01'20''E",
			"parent_mountain": "Saltoro Kangri",
			"first_ascent": 1974,
			"countries": "India, Pakistan"
		},
		{
			"rank": 62,
			"name": "Yangra, Ganesh I",
			"height": 7422,
			"prominence": 2352,
			"range": "Ganesh Himalaya",
			"coordinates": "28°23'29''N 85°07'38''E",
			"parent_mountain": "Shishapangma",
			"first_ascent": 1955,
			"countries": "Nepal, China"
		},
		{
			"rank": 63,
			"name": "Sia Kangri",
			"height": 7422,
			"prominence": 642,
			"range": "Siachen Karakoram",
			"coordinates": "35°39'48''N 76°45'42''E",
			"parent_mountain": "Gasherbrum I",
			"first_ascent": 1934,
			"countries": "Pakistan, China"
		},
		{
			"rank": 64,
			"name": "Momhil Sar",
			"height": 7414,
			"prominence": 907,
			"range": "Hispar Karakoram",
			"coordinates": "36°19'04''N 75°02'11''E *",
			"parent_mountain": "Trivor",
			"first_ascent": 1964,
			"countries": "Pakistan"
		},
		{
			"rank": 65,
			"name": "Kabru N",
			"height": 7412,
			"prominence": 720,
			"range": "Kangchenjunga Himalaya",
			"coordinates": "27°38'02''N 88°07'00''E",
			"parent_mountain": "Kangchenjunga",
			"first_ascent": 1994,
			"countries": "India, Nepal"
		},
		{
			"rank": 66,
			"name": "Skil Brum",
			"height": 7410,
			"prominence": 1152,
			"range": "Baltoro Karakoram",
			"coordinates": "35°51'03''N 76°25'43''E",
			"parent_mountain": "K2",
			"first_ascent": 1957,
			"countries": "Pakistan"
		},
		{
			"rank": 67,
			"name": "Haramosh Peak",
			"height": 7409,
			"prominence": 2277,
			"range": "Rakaposhi-Haramosh Karakoram",
			"coordinates": "35°50'24''N 74°53'51''E",
			"parent_mountain": "Malubiting",
			"first_ascent": 1958,
			"countries": "Pakistan"
		},
		{
			"rank": 68,
			"name": "Istor-o-Nal",
			"height": 7403,
			"prominence": 1043,
			"range": "Hindu Kush",
			"coordinates": "36°22'32''N 71°53'54''E",
			"parent_mountain": "Noshaq",
			"first_ascent": 1969,
			"countries": "Pakistan"
		},
		{
			"rank": 69,
			"name": "Ghent Kangri",
			"height": 7401,
			"prominence": 1493,
			"range": "Saltoro Karakoram",
			"coordinates": "35°31'04''N 76°48'02''E",
			"parent_mountain": "Saltoro Kangri",
			"first_ascent": 1961,
			"countries": "India, Pakistan"
		},
		{
			"rank": 70,
			"name": "Ultar",
			"height": 7388,
			"prominence": 688,
			"range": "Batura Karakoram",
			"coordinates": "36°23'27''N 74°43'00''E",
			"parent_mountain": "Shispare",
			"first_ascent": 1996,
			"countries": "Pakistan"
		},
		{
			"rank": 71,
			"name": "Rimo I",
			"height": 7385,
			"prominence": 1428,
			"range": "Rimo Karakoram",
			"coordinates": "35°21'18''N 77°22'08''E",
			"parent_mountain": "Teram Kangri I",
			"first_ascent": 1988,
			"countries": "India"
		},
		{
			"rank": 72,
			"name": "Churen Himal",
			"height": 7385,
			"prominence": 650,
			"range": "Dhaulagiri Himalaya",
			"coordinates": "28°44'05''N 83°13'03''E",
			"parent_mountain": "Dhaulagiri IV",
			"first_ascent": 1970,
			"countries": "Nepal"
		},
		{
			"rank": 73,
			"name": "Teram Kangri III",
			"height": 7382,
			"prominence": 520,
			"range": "Siachen Karakoram",
			"coordinates": "35°35'59''N 77°02'53''E",
			"parent_mountain": "Teram Kangri I",
			"first_ascent": 1979,
			"countries": "India, China"
		},
		{
			"rank": 74,
			"name": "Sherpi Kangri",
			"height": 7380,
			"prominence": 132,
			"range": "Saltoro Karakoram",
			"coordinates": "35°27'58''N 76°46'53''E *",
			"parent_mountain": "Ghent Kangri",
			"first_ascent": 1976,
			"countries": "India, Pakistan"
		},
		{
			"rank": 75,
			"name": "Labuche Kang",
			"height": 7367,
			"prominence": 1957,
			"range": "Labuche Himalaya",
			"coordinates": "28°18'15''N 86°21'03''E",
			"parent_mountain": "Cho Oyu",
			"first_ascent": 1987,
			"countries": "China"
		},
		{
			"rank": 76,
			"name": "Kirat Chuli",
			"height": 7362,
			"prominence": 1168,
			"range": "Kangchenjunga Himalaya",
			"coordinates": "27°47'16''N 88°11'43''E",
			"parent_mountain": "Kangchenjunga",
			"first_ascent": 1939,
			"countries": "India, Nepal"
		},
		{
			"rank": "S",
			"name": "Abi Gamin",
			"height": 7355,
			"prominence": 217,
			"range": "Garhwal Himalaya",
			"coordinates": "30°55'57''N 79°36'09''E",
			"parent_mountain": "Kamet",
			"first_ascent": 1950,
			"countries": "India, China"
		},
		{
			"rank": "S",
			"name": "Gimmigela Chuli, The Twins",
			"height": 7350,
			"prominence": 432,
			"range": "Kangchenjunga Himalaya",
			"coordinates": "27°44'27''N 88°09'31''E",
			"parent_mountain": "Kangchenjunga",
			"first_ascent": 1994,
			"countries": "India, Nepal"
		},
		{
			"rank": "S",
			"name": "Nangpai Gosum",
			"height": 7350,
			"prominence": 427,
			"range": "Mahalangur Himalaya",
			"coordinates": "28°04'24''N 86°36'51''E",
			"parent_mountain": "Cho Oyu",
			"first_ascent": 1986,
			"countries": "Nepal, China"
		},
		{
			"rank": 77,
			"name": "Saraghrar",
			"height": 7349,
			"prominence": 1979,
			"range": "Hindu Kush",
			"coordinates": "36°32'51''N 72°06'54''E",
			"parent_mountain": "Noshaq",
			"first_ascent": 1959,
			"countries": "Pakistan"
		},
		{
			"rank": "S",
			"name": "Talung",
			"height": 7349,
			"prominence": 366,
			"range": "Kangchenjunga Himalaya",
			"coordinates": "27°39'18''N 88°07'51''E *",
			"parent_mountain": "Kabru",
			"first_ascent": 1964,
			"countries": "Nepal, India"
		},
		{
			"rank": 78,
			"name": "Jomolhari",
			"height": 7326,
			"prominence": 2341,
			"range": "Jomolhari Himalaya",
			"coordinates": "27°49'36''N 89°16'04''E *",
			"parent_mountain": "Gangkhar Puensum",
			"first_ascent": 1937,
			"countries": "Bhutan, China"
		},
		{
			"rank": 79,
			"name": "Chamlang",
			"height": 7321,
			"prominence": 1241,
			"range": "Mahalangur Himalaya",
			"coordinates": "27°46'30''N 86°58'47''E",
			"parent_mountain": "Lhotse",
			"first_ascent": 1961,
			"countries": "Nepal"
		},
		{
			"rank": 80,
			"name": "Chongtar",
			"height": 7315,
			"prominence": 1295,
			"range": "Baltoro Karakoram",
			"coordinates": "35°54'55''N 76°25'45''E",
			"parent_mountain": "Skil Brum",
			"first_ascent": 1994,
			"countries": "China"
		},
		{
			"rank": 81,
			"name": "Baltoro Kangri",
			"height": 7312,
			"prominence": 114,
			"range": "Masherbrum Karakoram",
			"coordinates": "35°38'21''N 76°40'24''E",
			"parent_mountain": "Chogolisa",
			"first_ascent": 1963,
			"countries": "Pakistan"
		},
		{
			"rank": 82,
			"name": "Siguang Ri",
			"height": 7309,
			"prominence": 669,
			"range": "Mahalangur Himalaya",
			"coordinates": "28°08'50''N 86°41'06''E",
			"parent_mountain": "Cho Oyu",
			"first_ascent": 1989,
			"countries": "China"
		},
		{
			"rank": 83,
			"name": "The Crown, Huang Guan Shan",
			"height": 7295,
			"prominence": 1919,
			"range": "Yengisogat Karakoram",
			"coordinates": "36°06'24''N 76°12'21''E",
			"parent_mountain": "Skil Brum (K2)",
			"first_ascent": 1993,
			"countries": "China"
		},
		{
			"rank": 84,
			"name": "Gyala Peri",
			"height": 7294,
			"prominence": 2942,
			"range": "Assam Himalaya",
			"coordinates": "29°48'52''N 94°58'07''E",
			"parent_mountain": "Mount Everest",
			"first_ascent": 1986,
			"countries": "China"
		},
		{
			"rank": 85,
			"name": "Porong Ri",
			"height": 7292,
			"prominence": 512,
			"range": "Langtang Himalaya",
			"coordinates": "28°23'22''N 85°43'12''E",
			"parent_mountain": "Shishapangma",
			"first_ascent": 1982,
			"countries": "China"
		},
		{
			"rank": 86,
			"name": "Baintha Brakk, The Ogre",
			"height": 7285,
			"prominence": 1891,
			"range": "Panmah Karakoram",
			"coordinates": "35°56'51''N 75°45'12''E *",
			"parent_mountain": "Kanjut Sar",
			"first_ascent": 1977,
			"countries": "Pakistan"
		},
		{
			"rank": 87,
			"name": "Yutmaru Sar",
			"height": 7283,
			"prominence": 680,
			"range": "Hispar Karakoram",
			"coordinates": "36°13'35''N 75°22'02''E",
			"parent_mountain": "Yukshin Gardan Sar",
			"first_ascent": 1980,
			"countries": "Pakistan"
		},
		{
			"rank": 88,
			"name": "K6, Baltistan Peak",
			"height": 7282,
			"prominence": 1962,
			"range": "Masherbrum Karakoram",
			"coordinates": "35°25'06''N 76°33'06''E",
			"parent_mountain": "Chogolisa",
			"first_ascent": 1970,
			"countries": "Pakistan"
		},
		{
			"rank": 89,
			"name": "Kangpenqing",
			"height": 7281,
			"prominence": 1345,
			"range": "Baiku Himalaya",
			"coordinates": "28°33'03''N 85°32'44''E",
			"parent_mountain": "Shishapangma",
			"first_ascent": 1982,
			"countries": "China"
		},
		{
			"rank": 90,
			"name": "Muztagh Tower",
			"height": 7276,
			"prominence": 171,
			"range": "Baltoro Karakoram",
			"coordinates": "35°49'40''N 76°21'40''E",
			"parent_mountain": "Skil Brum",
			"first_ascent": 1956,
			"countries": "Pakistan, China"
		},
		{
			"rank": 91,
			"name": "Mana Peak",
			"height": 7272,
			"prominence": 732,
			"range": "Garhwal Himalaya",
			"coordinates": "30°52'50''N 79°36'55''E",
			"parent_mountain": "Kamet",
			"first_ascent": 1937,
			"countries": "India"
		},
		{
			"rank": "S",
			"name": "Dhaulagiri VI",
			"height": 7268,
			"prominence": 488,
			"range": "Dhaulagiri Himalaya",
			"coordinates": "28°42'31''N 83°16'27''E",
			"parent_mountain": "Dhaulagiri IV",
			"first_ascent": 1970,
			"countries": "Nepal"
		},
		{
			"rank": 92,
			"name": "Diran",
			"height": 7266,
			"prominence": 1329,
			"range": "Rakaposhi-Haramosh Karakoram",
			"coordinates": "36°07'13''N 74°39'42''E",
			"parent_mountain": "Malubiting",
			"first_ascent": 1968,
			"countries": "Pakistan"
		},
		{
			"rank": 93,
			"name": "Labuche Kang III",
			"height": 7250,
			"prominence": 570,
			"range": "Labuche Himalaya",
			"coordinates": "28°18'05''N 86°23'02''E",
			"parent_mountain": "Labuche Himilaya",
			"first_ascent": "none",
			"countries": "China"
		},
		{
			"rank": 94,
			"name": "Putha Hiunchuli",
			"height": 7246,
			"prominence": 1151,
			"range": "Dhaulagiri Himalaya",
			"coordinates": "28°44'52''N 83°08'46''E",
			"parent_mountain": "Churen Himal",
			"first_ascent": 1954,
			"countries": "Nepal"
		},
		{
			"rank": 95,
			"name": "Apsarasas Kangri",
			"height": 7245,
			"prominence": 607,
			"range": "Siachen Karakoram",
			"coordinates": "35°32'19''N 77°08'55''E",
			"parent_mountain": "Teram Kangri I",
			"first_ascent": 1976,
			"countries": "India, China"
		},
		{
			"rank": 96,
			"name": "Mukut Parbat",
			"height": 7242,
			"prominence": 683,
			"range": "Garhwal Himalaya",
			"coordinates": "30°56'57''N 79°34'12''E",
			"parent_mountain": "Kamet",
			"first_ascent": 1951,
			"countries": "India, China"
		},
		{
			"rank": 97,
			"name": "Rimo III",
			"height": 7233,
			"prominence": 613,
			"range": "Rimo Karakoram",
			"coordinates": "35°22'31''N 77°21'42''E",
			"parent_mountain": "Rimo I",
			"first_ascent": 1985,
			"countries": "India"
		},
		{
			"rank": 98,
			"name": "Langtang Lirung",
			"height": 7227,
			"prominence": 1534,
			"range": "Langtang Himalaya",
			"coordinates": "28°15'22''N 85°31'01''E",
			"parent_mountain": "Shishapangma",
			"first_ascent": 1978,
			"countries": "Nepal"
		},
		{
			"rank": 99,
			"name": "Karjiang",
			"height": 7221,
			"prominence": 895,
			"range": "Kula Kangri Himalaya",
			"coordinates": "28°15'27''N 90°38'49''E",
			"parent_mountain": "Kula Kangri",
			"first_ascent": "none",
			"countries": "China"
		},
		{
			"rank": 100,
			"name": "Annapurna Dakshin (Annapurna South)",
			"height": 7219,
			"prominence": 769,
			"range": "Annapurna Himalaya",
			"coordinates": "28°31'06''N 83°48'22''E",
			"parent_mountain": "Annapurna",
			"first_ascent": 1964,
			"countries": "Nepal"
		},
		{
			"rank": 101,
			"name": "Khartaphu",
			"height": 7213,
			"prominence": 712,
			"range": "Mahalangur Himalaya",
			"coordinates": "28°03'49''N 86°58'39''E",
			"parent_mountain": "Mount Everest",
			"first_ascent": 1935,
			"countries": "China"
		},
		{
			"rank": 102,
			"name": "Tongshanjiabu[19]",
			"height": 7207,
			"prominence": 1757,
			"range": "Lunana Himalaya",
			"coordinates": "28°11'12''N 89°57'27''E",
			"parent_mountain": "Gangkhar Puensum",
			"first_ascent": "none",
			"countries": "Bhutan, China"
		},
		{
			"rank": 103,
			"name": "Malangutti Sar",
			"height": 7207,
			"prominence": 507,
			"range": "Hispar Karakoram",
			"coordinates": "36°21'47''N 75°08'57''E",
			"parent_mountain": "Distaghil Sar",
			"first_ascent": 1985,
			"countries": "Pakistan"
		},
		{
			"rank": 104,
			"name": "Noijin Kangsang",
			"height": 7206,
			"prominence": 216,
			"range": "Nagarze Himalaya",
			"coordinates": "28°56'48''N 90°10'42''E",
			"parent_mountain": "Gangkhar Puensum",
			"first_ascent": 1986,
			"countries": "China"
		},
		{
			"rank": 105,
			"name": "Langtang Ri",
			"height": 7205,
			"prominence": 665,
			"range": "Langtang Himalaya",
			"coordinates": "28°22'53''N 85°41'01''E",
			"parent_mountain": "Shishapangma",
			"first_ascent": 1981,
			"countries": "Nepal, China"
		},
		{
			"rank": 106,
			"name": "Kangphu Kang, Shimokangri",
			"height": 7204,
			"prominence": 1244,
			"range": "Lunana Himalaya",
			"coordinates": "28°09'24''N 90°04'15''E",
			"parent_mountain": "Tongshanjiabu",
			"first_ascent": 2002,
			"countries": "Bhutan, China"
		},
		{
			"rank": 107,
			"name": "Singhi Kangri",
			"height": 7202,
			"prominence": 730,
			"range": "Siachen Karakoram",
			"coordinates": "35°35'59''N 76°59'01''E",
			"parent_mountain": "Teram Kangri III",
			"first_ascent": 1976,
			"countries": "India, China"
		},
		{
			"rank": 108,
			"name": "Lupghar Sar",
			"height": 7200,
			"prominence": 730,
			"range": "Hispar Karakoram",
			"coordinates": "36°21'01''N 75°02'13''E *",
			"parent_mountain": "Momhil Sar",
			"first_ascent": 1979,
			"countries": "Pakistan"
		}
	]}